"Quarter","Economic_Sector","Employment","Average_Weekly_Earnings_Seasonally_Adjusted"
2014-01-01,"Mining and quarrying (B)",5100,1033.59
2014-01-01,"Manufacturing (C)",174900,822.05
2014-01-01,"Construction (F)",58900,724.8
2014-01-01,"Wholesale and retail trade; repair of motor vehicles and motorcycles (G)",273900,523.19
2014-01-01,"Transportation and storage (H)",61000,715.86
2014-01-01,"Accommodation and food service activities (I)",140600,320.38
2014-01-01,"Information and communication (J)",57800,1011.65
2014-01-01,"Financial and insurance activities (K)",78100,1067.2
2014-01-01,"Real estate activities (L)",8600,634.42
2014-01-01,"Professional, scientific and technical activities (M)",83400,804.81
2014-01-01,"Administrative and support service activities (N)",73500,510.61
2014-01-01,"Public administration and defence; compulsory social security (O)",107000,918.49
2014-01-01,"Education (P)",134700,810.67
2014-01-01,"Human health and social work activities (Q)",219400,669.1
2014-01-01,"Arts, entertainment and recreation (R)",22800,484.45
2014-01-01,"Other service activities (S)",21800,442.2
2014-01-01,"Industry (B to E)",193600,845.58
2014-01-01,"Electricity, water supply and waste management (D,E)",13600,1084.3
2014-01-01,"Financial, insurance and real estate activities (K,L)",86700,1020.52
2014-01-01,"Arts, entertainment, recreation and other service activities (R,S)",44600,463.92
2014-04-01,"Mining and quarrying (B)",6100,958.47
2014-04-01,"Manufacturing (C)",174100,824.14
2014-04-01,"Construction (F)",62700,738.7
2014-04-01,"Wholesale and retail trade; repair of motor vehicles and motorcycles (G)",276200,528.03
2014-04-01,"Transportation and storage (H)",62300,746.32
2014-04-01,"Accommodation and food service activities (I)",145000,316.13
2014-04-01,"Information and communication (J)",59700,1026.78
2014-04-01,"Financial and insurance activities (K)",77400,1053.78
2014-04-01,"Real estate activities (L)",9000,583.31
2014-04-01,"Professional, scientific and technical activities (M)",81600,784.54
2014-04-01,"Administrative and support service activities (N)",76000,492.72
2014-04-01,"Public administration and defence; compulsory social security (O)",107400,921.75
2014-04-01,"Education (P)",136600,796.63
2014-04-01,"Human health and social work activities (Q)",223000,675.48
2014-04-01,"Arts, entertainment and recreation (R)",25100,508.6
2014-04-01,"Other service activities (S)",21400,430.52
2014-04-01,"Industry (B to E)",194600,848.95
2014-04-01,"Electricity, water supply and waste management (D,E)",14400,1129.29
2014-04-01,"Financial, insurance and real estate activities (K,L)",86400,1009.72
2014-04-01,"Arts, entertainment, recreation and other service activities (R,S)",46500,474.27
2014-07-01,"Mining and quarrying (B)",6100,948.15
2014-07-01,"Manufacturing (C)",180100,829.02
2014-07-01,"Construction (F)",67600,706.55
2014-07-01,"Wholesale and retail trade; repair of motor vehicles and motorcycles (G)",285500,525.26
2014-07-01,"Transportation and storage (H)",61000,720.71
2014-07-01,"Accommodation and food service activities (I)",148900,313.85
2014-07-01,"Information and communication (J)",58200,1027.91
2014-07-01,"Financial and insurance activities (K)",82300,1061
2014-07-01,"Real estate activities (L)",10400,556.55
2014-07-01,"Professional, scientific and technical activities (M)",84200,785.37
2014-07-01,"Administrative and support service activities (N)",78000,488.75
2014-07-01,"Public administration and defence; compulsory social security (O)",109500,921.47
2014-07-01,"Education (P)",130800,774.65
2014-07-01,"Human health and social work activities (Q)",226500,673.83
2014-07-01,"Arts, entertainment and recreation (R)",24900,487.35
2014-07-01,"Other service activities (S)",22200,457.25
2014-07-01,"Industry (B to E)",199900,849.44
2014-07-01,"Electricity, water supply and waste management (D,E)",13700,1046.95
2014-07-01,"Financial, insurance and real estate activities (K,L)",92700,1005.99
2014-07-01,"Arts, entertainment, recreation and other service activities (R,S)",47200,470.8
2014-10-01,"Mining and quarrying (B)",5500,924.64
2014-10-01,"Manufacturing (C)",185300,837.49
2014-10-01,"Construction (F)",69300,734.24
2014-10-01,"Wholesale and retail trade; repair of motor vehicles and motorcycles (G)",289300,522.23
2014-10-01,"Transportation and storage (H)",63800,742.39
2014-10-01,"Accommodation and food service activities (I)",147400,317.89
2014-10-01,"Information and communication (J)",62300,1047.01
2014-10-01,"Financial and insurance activities (K)",78600,1157.19
2014-10-01,"Real estate activities (L)",12600,593.47
2014-10-01,"Professional, scientific and technical activities (M)",84500,787.43
2014-10-01,"Administrative and support service activities (N)",80200,495.5
2014-10-01,"Public administration and defence; compulsory social security (O)",105800,919.69
2014-10-01,"Education (P)",140000,796.31
2014-10-01,"Human health and social work activities (Q)",225100,677.7
2014-10-01,"Arts, entertainment and recreation (R)",24300,511.01
2014-10-01,"Other service activities (S)",22300,458.95
2014-10-01,"Industry (B to E)",203500,854.72
2014-10-01,"Electricity, water supply and waste management (D,E)",12700,1056.2
2014-10-01,"Financial, insurance and real estate activities (K,L)",91200,1077.93
2014-10-01,"Arts, entertainment, recreation and other service activities (R,S)",46600,486.04
2015-01-01,"Mining and quarrying (B)",6700,930.23
2015-01-01,"Manufacturing (C)",187700,820.33
2015-01-01,"Construction (F)",73000,719.69
2015-01-01,"Wholesale and retail trade; repair of motor vehicles and motorcycles (G)",281400,535.91
2015-01-01,"Transportation and storage (H)",63400,745.72
2015-01-01,"Accommodation and food service activities (I)",143100,319.39
2015-01-01,"Information and communication (J)",61300,1069.78
2015-01-01,"Financial and insurance activities (K)",78400,1060.88
2015-01-01,"Real estate activities (L)",12600,636.65
2015-01-01,"Professional, scientific and technical activities (M)",79500,781.39
2015-01-01,"Administrative and support service activities (N)",76000,502.49
2015-01-01,"Public administration and defence; compulsory social security (O)",109300,929.79
2015-01-01,"Education (P)",140600,803.91
2015-01-01,"Human health and social work activities (Q)",225100,674.36
2015-01-01,"Arts, entertainment and recreation (R)",24900,494.42
2015-01-01,"Other service activities (S)",24600,446.69
2015-01-01,"Industry (B to E)",207200,839.14
2015-01-01,"Electricity, water supply and waste management (D,E)",12700,1051.32
2015-01-01,"Financial, insurance and real estate activities (K,L)",91000,1002.06
2015-01-01,"Arts, entertainment, recreation and other service activities (R,S)",49500,471.13
2015-04-01,"Mining and quarrying (B)",7200,960.1
2015-04-01,"Manufacturing (C)",186200,830.83
2015-04-01,"Construction (F)",75100,700.33
2015-04-01,"Wholesale and retail trade; repair of motor vehicles and motorcycles (G)",282800,533.27
2015-04-01,"Transportation and storage (H)",64800,750.92
2015-04-01,"Accommodation and food service activities (I)",148300,320.31
2015-04-01,"Information and communication (J)",61800,1068.47
2015-04-01,"Financial and insurance activities (K)",79000,1048.06
2015-04-01,"Real estate activities (L)",12000,714.92
2015-04-01,"Professional, scientific and technical activities (M)",85300,806.14
2015-04-01,"Administrative and support service activities (N)",78200,520.42
2015-04-01,"Public administration and defence; compulsory social security (O)",113000,925.91
2015-04-01,"Education (P)",136600,805.26
2015-04-01,"Human health and social work activities (Q)",226600,671.87
2015-04-01,"Arts, entertainment and recreation (R)",26000,502.22
2015-04-01,"Other service activities (S)",24300,456.14
2015-04-01,"Industry (B to E)",206000,846.37
2015-04-01,"Electricity, water supply and waste management (D,E)",12600,1040.29
2015-04-01,"Financial, insurance and real estate activities (K,L)",91000,1009.67
2015-04-01,"Arts, entertainment, recreation and other service activities (R,S)",50300,480.61
2015-07-01,"Mining and quarrying (B)",7100,957.26
2015-07-01,"Manufacturing (C)",191300,829.59
2015-07-01,"Construction (F)",77600,700.29
2015-07-01,"Wholesale and retail trade; repair of motor vehicles and motorcycles (G)",285900,540.3
2015-07-01,"Transportation and storage (H)",63500,753.18
2015-07-01,"Accommodation and food service activities (I)",151300,316.76
2015-07-01,"Information and communication (J)",62800,1081.86
2015-07-01,"Financial and insurance activities (K)",78400,1066.05
2015-07-01,"Real estate activities (L)",10500,732.03
2015-07-01,"Professional, scientific and technical activities (M)",94000,816.66
2015-07-01,"Administrative and support service activities (N)",83200,524.67
2015-07-01,"Public administration and defence; compulsory social security (O)",113600,922.23
2015-07-01,"Education (P)",133400,804.88
2015-07-01,"Human health and social work activities (Q)",233000,673.12
2015-07-01,"Arts, entertainment and recreation (R)",27400,502.74
2015-07-01,"Other service activities (S)",24300,440.36
2015-07-01,"Industry (B to E)",211800,848.52
2015-07-01,"Electricity, water supply and waste management (D,E)",13300,1075.2
2015-07-01,"Financial, insurance and real estate activities (K,L)",88900,1022.78
2015-07-01,"Arts, entertainment, recreation and other service activities (R,S)",51700,472.27
2015-10-01,"Mining and quarrying (B)",5000,910.28
2015-10-01,"Manufacturing (C)",193800,827.1
2015-10-01,"Construction (F)",77600,727.9
2015-10-01,"Wholesale and retail trade; repair of motor vehicles and motorcycles (G)",295200,544.57
2015-10-01,"Transportation and storage (H)",67000,744.63
2015-10-01,"Accommodation and food service activities (I)",154000,321.14
2015-10-01,"Information and communication (J)",63600,1087.15
2015-10-01,"Financial and insurance activities (K)",78200,1071.99
2015-10-01,"Real estate activities (L)",10400,752.93
2015-10-01,"Professional, scientific and technical activities (M)",89100,820.7
2015-10-01,"Administrative and support service activities (N)",83400,524
2015-10-01,"Public administration and defence; compulsory social security (O)",111300,927.54
2015-10-01,"Education (P)",138800,812.1
2015-10-01,"Human health and social work activities (Q)",232800,677.88
2015-10-01,"Arts, entertainment and recreation (R)",24900,503.09
2015-10-01,"Other service activities (S)",23800,434.44
2015-10-01,"Industry (B to E)",212000,843.51
2015-10-01,"Electricity, water supply and waste management (D,E)",13100,1053.4
2015-10-01,"Financial, insurance and real estate activities (K,L)",88500,1028.94
2015-10-01,"Arts, entertainment, recreation and other service activities (R,S)",48700,470.14
2016-01-01,"Mining and quarrying (B)",5300,949.12
2016-01-01,"Manufacturing (C)",193000,830.24
2016-01-01,"Construction (F)",81200,730.37
2016-01-01,"Wholesale and retail trade; repair of motor vehicles and motorcycles (G)",288100,544.72
2016-01-01,"Transportation and storage (H)",67700,751.33
2016-01-01,"Accommodation and food service activities (I)",151800,327.16
2016-01-01,"Information and communication (J)",63800,1106.56
2016-01-01,"Financial and insurance activities (K)",81500,1127.76
2016-01-01,"Real estate activities (L)",10100,795.4
2016-01-01,"Professional, scientific and technical activities (M)",82300,843.66
2016-01-01,"Administrative and support service activities (N)",84300,518.36
2016-01-01,"Public administration and defence; compulsory social security (O)",109800,897.86
2016-01-01,"Education (P)",139600,801.92
2016-01-01,"Human health and social work activities (Q)",228700,679.97
2016-01-01,"Arts, entertainment and recreation (R)",28600,498.68
2016-01-01,"Other service activities (S)",22800,448.97
2016-01-01,"Industry (B to E)",212000,848.4
2016-01-01,"Electricity, water supply and waste management (D,E)",13600,1074.65
2016-01-01,"Financial, insurance and real estate activities (K,L)",91600,1096.93
2016-01-01,"Arts, entertainment, recreation and other service activities (R,S)",51400,477.55
2016-04-01,"Mining and quarrying (B)",5200,951.36
2016-04-01,"Manufacturing (C)",198900,837.99
2016-04-01,"Construction (F)",87500,742.81
2016-04-01,"Wholesale and retail trade; repair of motor vehicles and motorcycles (G)",291100,548.84
2016-04-01,"Transportation and storage (H)",66800,760.68
2016-04-01,"Accommodation and food service activities (I)",156000,328.78
2016-04-01,"Information and communication (J)",64600,1059.22
2016-04-01,"Financial and insurance activities (K)",82400,1087.74
2016-04-01,"Real estate activities (L)",11800,718.65
2016-04-01,"Professional, scientific and technical activities (M)",88800,853.58
2016-04-01,"Administrative and support service activities (N)",85700,513.39
2016-04-01,"Public administration and defence; compulsory social security (O)",117300,894.56
2016-04-01,"Education (P)",138200,800.05
2016-04-01,"Human health and social work activities (Q)",231400,679.05
2016-04-01,"Arts, entertainment and recreation (R)",29900,482.32
2016-04-01,"Other service activities (S)",23300,441.96
2016-04-01,"Industry (B to E)",216400,853.09
2016-04-01,"Electricity, water supply and waste management (D,E)",12300,1067.88
2016-04-01,"Financial, insurance and real estate activities (K,L)",94300,1044.98
2016-04-01,"Arts, entertainment, recreation and other service activities (R,S)",53300,464.33
2016-07-01,"Mining and quarrying (B)",4600,942.25
2016-07-01,"Manufacturing (C)",207100,838.42
2016-07-01,"Construction (F)",87600,737.41
2016-07-01,"Wholesale and retail trade; repair of motor vehicles and motorcycles (G)",299700,551.93
2016-07-01,"Transportation and storage (H)",68300,755.83
2016-07-01,"Accommodation and food service activities (I)",165700,333.68
2016-07-01,"Information and communication (J)",66800,1073.04
2016-07-01,"Financial and insurance activities (K)",83300,1079.88
2016-07-01,"Real estate activities (L)",10200,734.83
2016-07-01,"Professional, scientific and technical activities (M)",96700,858.41
2016-07-01,"Administrative and support service activities (N)",80400,524.65
2016-07-01,"Public administration and defence; compulsory social security (O)",111000,926.84
2016-07-01,"Education (P)",136400,798.41
2016-07-01,"Human health and social work activities (Q)",234800,692.02
2016-07-01,"Arts, entertainment and recreation (R)",30200,501.23
2016-07-01,"Other service activities (S)",24300,451.89
2016-07-01,"Industry (B to E)",226400,856.29
2016-07-01,"Electricity, water supply and waste management (D,E)",14700,1103.05
2016-07-01,"Financial, insurance and real estate activities (K,L)",93500,1031.18
2016-07-01,"Arts, entertainment, recreation and other service activities (R,S)",54500,478.63
2016-10-01,"Mining and quarrying (B)",4600,916.87
2016-10-01,"Manufacturing (C)",201800,843.49
2016-10-01,"Construction (F)",90200,731.92
2016-10-01,"Wholesale and retail trade; repair of motor vehicles and motorcycles (G)",304100,564.11
2016-10-01,"Transportation and storage (H)",71800,764.9
2016-10-01,"Accommodation and food service activities (I)",158000,332.35
2016-10-01,"Information and communication (J)",68400,1064.95
2016-10-01,"Financial and insurance activities (K)",82300,1096.77
2016-10-01,"Real estate activities (L)",12000,730.56
2016-10-01,"Professional, scientific and technical activities (M)",96500,875.22
2016-10-01,"Administrative and support service activities (N)",81600,529.36
2016-10-01,"Public administration and defence; compulsory social security (O)",112500,921.12
2016-10-01,"Education (P)",144900,802.79
2016-10-01,"Human health and social work activities (Q)",237400,680.45
2016-10-01,"Arts, entertainment and recreation (R)",28600,482.51
2016-10-01,"Other service activities (S)",25900,456.32
2016-10-01,"Industry (B to E)",220400,865.04
2016-10-01,"Electricity, water supply and waste management (D,E)",14000,1146.32
2016-10-01,"Financial, insurance and real estate activities (K,L)",94200,1053.1
2016-10-01,"Arts, entertainment, recreation and other service activities (R,S)",54500,470.92
2017-01-01,"Mining and quarrying (B)",5400,898.04
2017-01-01,"Manufacturing (C)",202500,843.09
2017-01-01,"Construction (F)",94800,759.65
2017-01-01,"Wholesale and retail trade; repair of motor vehicles and motorcycles (G)",299400,555.14
2017-01-01,"Transportation and storage (H)",70000,772.09
2017-01-01,"Accommodation and food service activities (I)",166100,334.43
2017-01-01,"Information and communication (J)",68700,1059.71
2017-01-01,"Financial and insurance activities (K)",81400,1112.9
2017-01-01,"Real estate activities (L)",12100,756.54
2017-01-01,"Professional, scientific and technical activities (M)",89100,876.06
2017-01-01,"Administrative and support service activities (N)",88900,543.9
2017-01-01,"Public administration and defence; compulsory social security (O)",112900,924.89
2017-01-01,"Education (P)",146000,808.47
2017-01-01,"Human health and social work activities (Q)",235800,695.7
2017-01-01,"Arts, entertainment and recreation (R)",28200,507.48
2017-01-01,"Other service activities (S)",23800,432.76
2017-01-01,"Industry (B to E)",223800,867.67
2017-01-01,"Electricity, water supply and waste management (D,E)",15900,1161.75
2017-01-01,"Financial, insurance and real estate activities (K,L)",93500,1063.9
2017-01-01,"Arts, entertainment, recreation and other service activities (R,S)",52000,474.09
2017-04-01,"Mining and quarrying (B)",6200,927.94
2017-04-01,"Manufacturing (C)",201000,840.91
2017-04-01,"Construction (F)",93600,721.82
2017-04-01,"Wholesale and retail trade; repair of motor vehicles and motorcycles (G)",304000,564.8
2017-04-01,"Transportation and storage (H)",70500,771
2017-04-01,"Accommodation and food service activities (I)",163400,337.63
2017-04-01,"Information and communication (J)",68200,1081.49
2017-04-01,"Financial and insurance activities (K)",81300,1110.55
2017-04-01,"Real estate activities (L)",10800,739.83
2017-04-01,"Professional, scientific and technical activities (M)",91500,880.27
2017-04-01,"Administrative and support service activities (N)",92900,552.64
2017-04-01,"Public administration and defence; compulsory social security (O)",119600,945.82
2017-04-01,"Education (P)",144400,818.18
2017-04-01,"Human health and social work activities (Q)",237500,696.94
2017-04-01,"Arts, entertainment and recreation (R)",30400,516.31
2017-04-01,"Other service activities (S)",24200,424.76
2017-04-01,"Industry (B to E)",222600,858.49
2017-04-01,"Electricity, water supply and waste management (D,E)",15500,1066.49
2017-04-01,"Financial, insurance and real estate activities (K,L)",92100,1067.94
2017-04-01,"Arts, entertainment, recreation and other service activities (R,S)",54600,474.82
2017-07-01,"Mining and quarrying (B)",6700,915.64
2017-07-01,"Manufacturing (C)",210800,856.53
2017-07-01,"Construction (F)",91100,739.92
2017-07-01,"Wholesale and retail trade; repair of motor vehicles and motorcycles (G)",306300,559.3
2017-07-01,"Transportation and storage (H)",69000,776.17
2017-07-01,"Accommodation and food service activities (I)",171600,337.62
2017-07-01,"Information and communication (J)",72200,1095.41
2017-07-01,"Financial and insurance activities (K)",82700,1125.32
2017-07-01,"Real estate activities (L)",10900,724.35
2017-07-01,"Professional, scientific and technical activities (M)",93100,896.16
2017-07-01,"Administrative and support service activities (N)",91000,549.82
2017-07-01,"Public administration and defence; compulsory social security (O)",115800,946.98
2017-07-01,"Education (P)",147000,824.25
2017-07-01,"Human health and social work activities (Q)",240700,701.32
2017-07-01,"Arts, entertainment and recreation (R)",25600,507.14
2017-07-01,"Other service activities (S)",28300,432.22
2017-07-01,"Industry (B to E)",232600,875.58
2017-07-01,"Electricity, water supply and waste management (D,E)",15100,1139.13
2017-07-01,"Financial, insurance and real estate activities (K,L)",93600,1075.94
2017-07-01,"Arts, entertainment, recreation and other service activities (R,S)",53900,468.04
2017-10-01,"Mining and quarrying (B)",6000,932.99
2017-10-01,"Manufacturing (C)",205300,858.82
2017-10-01,"Construction (F)",95700,732.51
2017-10-01,"Wholesale and retail trade; repair of motor vehicles and motorcycles (G)",308800,575.57
2017-10-01,"Transportation and storage (H)",71000,772.03
2017-10-01,"Accommodation and food service activities (I)",178000,343.64
2017-10-01,"Information and communication (J)",71100,1132.31
2017-10-01,"Financial and insurance activities (K)",79700,1134.82
2017-10-01,"Real estate activities (L)",10900,726.23
2017-10-01,"Professional, scientific and technical activities (M)",92100,903.2
2017-10-01,"Administrative and support service activities (N)",88800,546.37
2017-10-01,"Public administration and defence; compulsory social security (O)",122900,942.84
2017-10-01,"Education (P)",153000,830.43
2017-10-01,"Human health and social work activities (Q)",240500,703.04
2017-10-01,"Arts, entertainment and recreation (R)",30800,504.55
2017-10-01,"Other service activities (S)",25000,433.76
2017-10-01,"Industry (B to E)",226900,879.09
2017-10-01,"Electricity, water supply and waste management (D,E)",15700,1105.89
2017-10-01,"Financial, insurance and real estate activities (K,L)",90600,1087.71
2017-10-01,"Arts, entertainment, recreation and other service activities (R,S)",55800,472.58
2018-01-01,"Mining and quarrying (B)",5800,933.28
2018-01-01,"Manufacturing (C)",203800,868.46
2018-01-01,"Construction (F)",99000,765
2018-01-01,"Wholesale and retail trade; repair of motor vehicles and motorcycles (G)",295600,566.75
2018-01-01,"Transportation and storage (H)",69600,782.62
2018-01-01,"Accommodation and food service activities (I)",181000,341.87
2018-01-01,"Information and communication (J)",69800,1151.7
2018-01-01,"Financial and insurance activities (K)",80100,1153.15
2018-01-01,"Real estate activities (L)",9800,706.77
2018-01-01,"Professional, scientific and technical activities (M)",92000,916.61
2018-01-01,"Administrative and support service activities (N)",97900,546.43
2018-01-01,"Public administration and defence; compulsory social security (O)",125300,960.95
2018-01-01,"Education (P)",154100,843.8
2018-01-01,"Human health and social work activities (Q)",236200,710.48
2018-01-01,"Arts, entertainment and recreation (R)",28600,514.2
2018-01-01,"Other service activities (S)",27700,436.58
2018-01-01,"Industry (B to E)",225200,885.22
2018-01-01,"Electricity, water supply and waste management (D,E)",15600,1081.93
2018-01-01,"Financial, insurance and real estate activities (K,L)",89800,1105.93
2018-01-01,"Arts, entertainment, recreation and other service activities (R,S)",56200,476.41
2018-04-01,"Mining and quarrying (B)",6100,996.59
2018-04-01,"Manufacturing (C)",199400,874.47
2018-04-01,"Construction (F)",106200,775.4
2018-04-01,"Wholesale and retail trade; repair of motor vehicles and motorcycles (G)",302200,572.14
2018-04-01,"Transportation and storage (H)",76400,799.28
2018-04-01,"Accommodation and food service activities (I)",180900,347.33
2018-04-01,"Information and communication (J)",71400,1183.67
2018-04-01,"Financial and insurance activities (K)",82900,1175.16
2018-04-01,"Real estate activities (L)",11200,742.6
2018-04-01,"Professional, scientific and technical activities (M)",97900,917.98
2018-04-01,"Administrative and support service activities (N)",103000,552.94
2018-04-01,"Public administration and defence; compulsory social security (O)",128300,959.33
2018-04-01,"Education (P)",154900,842.82
2018-04-01,"Human health and social work activities (Q)",244900,717.07
2018-04-01,"Arts, entertainment and recreation (R)",28100,519.73
2018-04-01,"Other service activities (S)",26400,446.15
2018-04-01,"Industry (B to E)",220900,894.11
2018-04-01,"Electricity, water supply and waste management (D,E)",15300,1115.55
2018-04-01,"Financial, insurance and real estate activities (K,L)",94100,1122.37
2018-04-01,"Arts, entertainment, recreation and other service activities (R,S)",54500,484.13
2018-07-01,"Mining and quarrying (B)",5200,942.97
2018-07-01,"Manufacturing (C)",211000,880.77
2018-07-01,"Construction (F)",110300,794.7
2018-07-01,"Wholesale and retail trade; repair of motor vehicles and motorcycles (G)",304200,572.88
2018-07-01,"Transportation and storage (H)",78200,818.47
2018-07-01,"Accommodation and food service activities (I)",187600,362.81
2018-07-01,"Information and communication (J)",76900,1191.96
2018-07-01,"Financial and insurance activities (K)",78400,1189.4
2018-07-01,"Real estate activities (L)",9200,729.24
2018-07-01,"Professional, scientific and technical activities (M)",95200,916.58
2018-07-01,"Administrative and support service activities (N)",103200,581.84
2018-07-01,"Public administration and defence; compulsory social security (O)",126900,951.93
2018-07-01,"Education (P)",159900,852.85
2018-07-01,"Human health and social work activities (Q)",242700,720.78
2018-07-01,"Arts, entertainment and recreation (R)",32400,530.93
2018-07-01,"Other service activities (S)",27100,464
2018-07-01,"Industry (B to E)",232300,899.14
2018-07-01,"Electricity, water supply and waste management (D,E)",16100,1135.5
2018-07-01,"Financial, insurance and real estate activities (K,L)",87600,1136.77
2018-07-01,"Arts, entertainment, recreation and other service activities (R,S)",59500,499.94
2018-10-01,"Mining and quarrying (B)",5600,993.71
2018-10-01,"Manufacturing (C)",204100,879.05
2018-10-01,"Construction (F)",107300,781.25
2018-10-01,"Wholesale and retail trade; repair of motor vehicles and motorcycles (G)",312400,586.47
2018-10-01,"Transportation and storage (H)",79100,833.37
2018-10-01,"Accommodation and food service activities (I)",182200,352.28
2018-10-01,"Information and communication (J)",73100,1190.7
2018-10-01,"Financial and insurance activities (K)",79100,1194.15
2018-10-01,"Real estate activities (L)",11800,732.88
2018-10-01,"Professional, scientific and technical activities (M)",94800,913.27
2018-10-01,"Administrative and support service activities (N)",108800,597.81
2018-10-01,"Public administration and defence; compulsory social security (O)",130800,952.05
2018-10-01,"Education (P)",166700,848.63
2018-10-01,"Human health and social work activities (Q)",251900,722.53
2018-10-01,"Arts, entertainment and recreation (R)",28100,530.09
2018-10-01,"Other service activities (S)",27200,452.89
2018-10-01,"Industry (B to E)",225300,897.53
2018-10-01,"Electricity, water supply and waste management (D,E)",15500,1101.17
2018-10-01,"Financial, insurance and real estate activities (K,L)",91000,1140.84
2018-10-01,"Arts, entertainment, recreation and other service activities (R,S)",55400,491.62
2019-01-01,"Mining and quarrying (B)",5100,960.62
2019-01-01,"Manufacturing (C)",209500,879.93
2019-01-01,"Construction (F)",106300,785.97
2019-01-01,"Wholesale and retail trade; repair of motor vehicles and motorcycles (G)",309100,595.24
2019-01-01,"Transportation and storage (H)",83700,830.24
2019-01-01,"Accommodation and food service activities (I)",181200,361.22
2019-01-01,"Information and communication (J)",73900,1215.41
2019-01-01,"Financial and insurance activities (K)",84900,1198.22
2019-01-01,"Real estate activities (L)",10100,756
2019-01-01,"Professional, scientific and technical activities (M)",98500,907.02
2019-01-01,"Administrative and support service activities (N)",108700,605.39
2019-01-01,"Public administration and defence; compulsory social security (O)",134400,963.62
2019-01-01,"Education (P)",168200,848.28
2019-01-01,"Human health and social work activities (Q)",249400,724.01
2019-01-01,"Arts, entertainment and recreation (R)",28100,554.4
2019-01-01,"Other service activities (S)",25900,451.72
2019-01-01,"Industry (B to E)",232700,898.15
2019-01-01,"Electricity, water supply and waste management (D,E)",18100,1081.81
2019-01-01,"Financial, insurance and real estate activities (K,L)",95000,1150.87
2019-01-01,"Arts, entertainment, recreation and other service activities (R,S)",53900,506.9
2019-04-01,"Mining and quarrying (B)",8300,946.59
2019-04-01,"Manufacturing (C)",203200,890.59
2019-04-01,"Construction (F)",112200,793.6
2019-04-01,"Wholesale and retail trade; repair of motor vehicles and motorcycles (G)",298200,590.59
2019-04-01,"Transportation and storage (H)",83500,836.41
2019-04-01,"Accommodation and food service activities (I)",187300,363.49
2019-04-01,"Information and communication (J)",75300,1214.78
2019-04-01,"Financial and insurance activities (K)",87200,1218.05
2019-04-01,"Real estate activities (L)",10400,724.32
2019-04-01,"Professional, scientific and technical activities (M)",98400,955.89
2019-04-01,"Administrative and support service activities (N)",107300,620.68
2019-04-01,"Public administration and defence; compulsory social security (O)",136600,962.31
2019-04-01,"Education (P)",165600,856.93
2019-04-01,"Human health and social work activities (Q)",252400,750.04
2019-04-01,"Arts, entertainment and recreation (R)",28300,535.74
2019-04-01,"Other service activities (S)",25700,459.81
2019-04-01,"Industry (B to E)",228800,907.19
2019-04-01,"Electricity, water supply and waste management (D,E)",17400,1091.21
2019-04-01,"Financial, insurance and real estate activities (K,L)",97600,1164.37
2019-04-01,"Arts, entertainment, recreation and other service activities (R,S)",54100,499.32
2019-07-01,"Mining and quarrying (B)",6200,961.85
2019-07-01,"Manufacturing (C)",217400,895.86
2019-07-01,"Construction (F)",112400,802.74
2019-07-01,"Wholesale and retail trade; repair of motor vehicles and motorcycles (G)",303200,603.95
2019-07-01,"Transportation and storage (H)",83500,836.32
2019-07-01,"Accommodation and food service activities (I)",184200,372.34
2019-07-01,"Information and communication (J)",82200,1260.15
2019-07-01,"Financial and insurance activities (K)",88800,1217.69
2019-07-01,"Real estate activities (L)",9700,729.58
2019-07-01,"Professional, scientific and technical activities (M)",92900,967.87
2019-07-01,"Administrative and support service activities (N)",108500,616.04
2019-07-01,"Public administration and defence; compulsory social security (O)",140300,973.3
2019-07-01,"Education (P)",170800,859.52
2019-07-01,"Human health and social work activities (Q)",256200,733.35
2019-07-01,"Arts, entertainment and recreation (R)",29100,537.73
2019-07-01,"Other service activities (S)",26900,461.68
2019-07-01,"Industry (B to E)",240000,913.84
2019-07-01,"Electricity, water supply and waste management (D,E)",16400,1151.09
2019-07-01,"Financial, insurance and real estate activities (K,L)",98500,1166.38
2019-07-01,"Arts, entertainment, recreation and other service activities (R,S)",56000,500.65
2019-10-01,"Mining and quarrying (B)",6100,880.06
2019-10-01,"Manufacturing (C)",211900,900
2019-10-01,"Construction (F)",114400,819.5
2019-10-01,"Wholesale and retail trade; repair of motor vehicles and motorcycles (G)",311300,595.19
2019-10-01,"Transportation and storage (H)",84500,814.6
2019-10-01,"Accommodation and food service activities (I)",184700,376.45
2019-10-01,"Information and communication (J)",79200,1262.92
2019-10-01,"Financial and insurance activities (K)",88600,1230.06
2019-10-01,"Real estate activities (L)",10500,730.81
2019-10-01,"Professional, scientific and technical activities (M)",100400,957.49
2019-10-01,"Administrative and support service activities (N)",107800,626.8
2019-10-01,"Public administration and defence; compulsory social security (O)",143000,974.59
2019-10-01,"Education (P)",178800,876.52
2019-10-01,"Human health and social work activities (Q)",255700,752.85
2019-10-01,"Arts, entertainment and recreation (R)",30400,546.52
2019-10-01,"Other service activities (S)",24500,484.42
2019-10-01,"Industry (B to E)",233400,916.18
2019-10-01,"Electricity, water supply and waste management (D,E)",15500,1098.28
2019-10-01,"Financial, insurance and real estate activities (K,L)",99000,1189.78
2019-10-01,"Arts, entertainment, recreation and other service activities (R,S)",55000,517.23
2020-01-01,"Mining and quarrying (B)",6700,952.52
2020-01-01,"Manufacturing (C)",212300,894.41
2020-01-01,"Construction (F)",112900,853.75
2020-01-01,"Wholesale and retail trade; repair of motor vehicles and motorcycles (G)",311200,623.59
2020-01-01,"Transportation and storage (H)",82400,844.33
2020-01-01,"Accommodation and food service activities (I)",176800,368.96
2020-01-01,"Information and communication (J)",79700,1260.88
2020-01-01,"Financial and insurance activities (K)",91200,1235.99
2020-01-01,"Real estate activities (L)",11200,725.92
2020-01-01,"Professional, scientific and technical activities (M)",106100,957.69
2020-01-01,"Administrative and support service activities (N)",109000,626.94
2020-01-01,"Public administration and defence; compulsory social security (O)",140800,974.39
2020-01-01,"Education (P)",179000,871.17
2020-01-01,"Human health and social work activities (Q)",253300,760.29
2020-01-01,"Arts, entertainment and recreation (R)",28900,576.41
2020-01-01,"Other service activities (S)",25700,493.33
2020-01-01,"Industry (B to E)",232900,910.32
2020-01-01,"Electricity, water supply and waste management (D,E)",14000,1141.13
2020-01-01,"Financial, insurance and real estate activities (K,L)",102300,1178.96
2020-01-01,"Arts, entertainment, recreation and other service activities (R,S)",54600,540.66
2020-04-01,"Mining and quarrying (B)",4200,943.6
2020-04-01,"Manufacturing (C)",215700,893.89
2020-04-01,"Construction (F)",96400,774.09
2020-04-01,"Wholesale and retail trade; repair of motor vehicles and motorcycles (G)",288400,597.53
2020-04-01,"Transportation and storage (H)",74400,794.77
2020-04-01,"Accommodation and food service activities (I)",128300,403.72
2020-04-01,"Information and communication (J)",85000,1288.46
2020-04-01,"Financial and insurance activities (K)",99100,1242.07
2020-04-01,"Real estate activities (L)",13500,697
2020-04-01,"Professional, scientific and technical activities (M)",99600,924.76
2020-04-01,"Administrative and support service activities (N)",87500,615.16
2020-04-01,"Public administration and defence; compulsory social security (O)",146100,987.44
2020-04-01,"Education (P)",182200,892.64
2020-04-01,"Human health and social work activities (Q)",248100,765.15
2020-04-01,"Arts, entertainment and recreation (R)",25200,599.42
2020-04-01,"Other service activities (S)",21100,565.33
2020-04-01,"Industry (B to E)",235800,909.98
2020-04-01,"Electricity, water supply and waste management (D,E)",15900,1124.45
2020-04-01,"Financial, insurance and real estate activities (K,L)",112500,1173.61
2020-04-01,"Arts, entertainment, recreation and other service activities (R,S)",46300,583.49
2020-07-01,"Mining and quarrying (B)",5000,960.26
2020-07-01,"Manufacturing (C)",222300,906.9
2020-07-01,"Construction (F)",108100,815.87
2020-07-01,"Wholesale and retail trade; repair of motor vehicles and motorcycles (G)",312600,611.97
2020-07-01,"Transportation and storage (H)",81600,785.9
2020-07-01,"Accommodation and food service activities (I)",152500,383.88
2020-07-01,"Information and communication (J)",80800,1293.48
2020-07-01,"Financial and insurance activities (K)",92800,1253.8
2020-07-01,"Real estate activities (L)",11900,704.81
2020-07-01,"Professional, scientific and technical activities (M)",102100,928.97
2020-07-01,"Administrative and support service activities (N)",88100,634.66
2020-07-01,"Public administration and defence; compulsory social security (O)",146300,985.06
2020-07-01,"Education (P)",174200,893.3
2020-07-01,"Human health and social work activities (Q)",253800,762.99
2020-07-01,"Arts, entertainment and recreation (R)",25100,537.58
2020-07-01,"Other service activities (S)",28500,517.09
2020-07-01,"Industry (B to E)",246700,924.41
2020-07-01,"Electricity, water supply and waste management (D,E)",19300,1118.33
2020-07-01,"Financial, insurance and real estate activities (K,L)",104800,1193.32
2020-07-01,"Arts, entertainment, recreation and other service activities (R,S)",53600,525.4
2020-10-01,"Mining and quarrying (B)",4500,1001.06
2020-10-01,"Manufacturing (C)",225300,935.61
2020-10-01,"Construction (F)",107300,865.1
2020-10-01,"Wholesale and retail trade; repair of motor vehicles and motorcycles (G)",325700,627.16
2020-10-01,"Transportation and storage (H)",84000,790.53
2020-10-01,"Accommodation and food service activities (I)",132800,390.59
2020-10-01,"Information and communication (J)",87800,1332.04
2020-10-01,"Financial and insurance activities (K)",92500,1264.06
2020-10-01,"Real estate activities (L)",12200,748.62
2020-10-01,"Professional, scientific and technical activities (M)",103000,1023.41
2020-10-01,"Administrative and support service activities (N)",78000,656.85
2020-10-01,"Public administration and defence; compulsory social security (O)",149900,1007.69
2020-10-01,"Education (P)",182900,903.39
2020-10-01,"Human health and social work activities (Q)",251900,764.38
2020-10-01,"Arts, entertainment and recreation (R)",19900,593.62
2020-10-01,"Other service activities (S)",26100,517.69
2020-10-01,"Industry (B to E)",245800,952.24
2020-10-01,"Electricity, water supply and waste management (D,E)",15900,1187.08
2020-10-01,"Financial, insurance and real estate activities (K,L)",104600,1204.31
2020-10-01,"Arts, entertainment, recreation and other service activities (R,S)",45900,550.71
2021-01-01,"Mining and quarrying (B)",4800,1015.25
2021-01-01,"Manufacturing (C)",232300,950.13
2021-01-01,"Construction (F)",100700,828.09
2021-01-01,"Wholesale and retail trade; repair of motor vehicles and motorcycles (G)",308200,626.87
2021-01-01,"Transportation and storage (H)",75500,772.15
2021-01-01,"Accommodation and food service activities (I)",102300,395.2
2021-01-01,"Information and communication (J)",89000,1353.98
2021-01-01,"Financial and insurance activities (K)",94200,1278.3
2021-01-01,"Real estate activities (L)",11100,719.79
2021-01-01,"Professional, scientific and technical activities (M)",104000,992.38
2021-01-01,"Administrative and support service activities (N)",80100,678.9
2021-01-01,"Public administration and defence; compulsory social security (O)",152200,1014.55
2021-01-01,"Education (P)",192900,933.84
2021-01-01,"Human health and social work activities (Q)",255300,799.73
2021-01-01,"Arts, entertainment and recreation (R)",16100,647.65
2021-01-01,"Other service activities (S)",23700,564.52
2021-01-01,"Industry (B to E)",252100,965.37
2021-01-01,"Electricity, water supply and waste management (D,E)",15000,1158.91
2021-01-01,"Financial, insurance and real estate activities (K,L)",105300,1220.26
2021-01-01,"Arts, entertainment, recreation and other service activities (R,S)",39700,601.25
2021-04-01,"Mining and quarrying (B)",4300,1007.6
2021-04-01,"Manufacturing (C)",234400,938.2
2021-04-01,"Construction (F)",101200,838.94
2021-04-01,"Wholesale and retail trade; repair of motor vehicles and motorcycles (G)",306400,631.03
2021-04-01,"Transportation and storage (H)",80200,779.45
2021-04-01,"Accommodation and food service activities (I)",125000,375.5
2021-04-01,"Information and communication (J)",90300,1324.66
2021-04-01,"Financial and insurance activities (K)",102800,1284.08
2021-04-01,"Real estate activities (L)",10300,731.5
2021-04-01,"Professional, scientific and technical activities (M)",115900,1033.1
2021-04-01,"Administrative and support service activities (N)",92500,699.78
2021-04-01,"Public administration and defence; compulsory social security (O)",158800,1011.21
2021-04-01,"Education (P)",198500,940.97
2021-04-01,"Human health and social work activities (Q)",267200,787.26
2021-04-01,"Arts, entertainment and recreation (R)",21700,630.54
2021-04-01,"Other service activities (S)",25100,500.29
2021-04-01,"Industry (B to E)",255600,952.81
2021-04-01,"Electricity, water supply and waste management (D,E)",16800,1142.3
2021-04-01,"Financial, insurance and real estate activities (K,L)",113100,1231.76
2021-04-01,"Arts, entertainment, recreation and other service activities (R,S)",46800,558.12
2021-07-01,"Mining and quarrying (B)",4600,1004.19
2021-07-01,"Manufacturing (C)",230300,958.06
2021-07-01,"Construction (F)",114300,868.08
2021-07-01,"Wholesale and retail trade; repair of motor vehicles and motorcycles (G)",314100,636.37
2021-07-01,"Transportation and storage (H)",88000,786.35
2021-07-01,"Accommodation and food service activities (I)",184800,400.33
2021-07-01,"Information and communication (J)",96200,1364.45
2021-07-01,"Financial and insurance activities (K)",107500,1291.58
2021-07-01,"Real estate activities (L)",14400,775.43
2021-07-01,"Professional, scientific and technical activities (M)",118700,1060.18
2021-07-01,"Administrative and support service activities (N)",98200,695.08
2021-07-01,"Public administration and defence; compulsory social security (O)",153800,1013.12
2021-07-01,"Education (P)",194300,951.87
2021-07-01,"Human health and social work activities (Q)",270500,793.61
2021-07-01,"Arts, entertainment and recreation (R)",26200,596.76
2021-07-01,"Other service activities (S)",26700,524.72
2021-07-01,"Industry (B to E)",252000,968.82
2021-07-01,"Electricity, water supply and waste management (D,E)",17100,1131.01
2021-07-01,"Financial, insurance and real estate activities (K,L)",121900,1226.44
2021-07-01,"Arts, entertainment, recreation and other service activities (R,S)",53000,559.92
2021-10-01,"Mining and quarrying (B)",5700,1029.2
2021-10-01,"Manufacturing (C)",234400,967.9
2021-10-01,"Construction (F)",126200,891.92
2021-10-01,"Wholesale and retail trade; repair of motor vehicles and motorcycles (G)",312700,650.68
2021-10-01,"Transportation and storage (H)",83800,801.5
2021-10-01,"Accommodation and food service activities (I)",166200,392.35
2021-10-01,"Information and communication (J)",110000,1400.69
2021-10-01,"Financial and insurance activities (K)",104200,1304.38
2021-10-01,"Real estate activities (L)",12700,789.03
2021-10-01,"Professional, scientific and technical activities (M)",128100,1067.21
2021-10-01,"Administrative and support service activities (N)",93800,689.17
2021-10-01,"Public administration and defence; compulsory social security (O)",165500,1007.58
2021-10-01,"Education (P)",198000,924.04
2021-10-01,"Human health and social work activities (Q)",281300,804.19
2021-10-01,"Arts, entertainment and recreation (R)",30000,630.43
2021-10-01,"Other service activities (S)",23200,533.8
2021-10-01,"Industry (B to E)",256300,978.93
2021-10-01,"Electricity, water supply and waste management (D,E)",16200,1130.09
2021-10-01,"Financial, insurance and real estate activities (K,L)",116900,1244.6
2021-10-01,"Arts, entertainment, recreation and other service activities (R,S)",53200,586.53
2022-01-01,"Mining and quarrying (B)",4800,1062.72
2022-01-01,"Manufacturing (C)",235600,966.64
2022-01-01,"Construction (F)",128000,898.34
2022-01-01,"Wholesale and retail trade; repair of motor vehicles and motorcycles (G)",308700,658.75
2022-01-01,"Transportation and storage (H)",91900,837.18
2022-01-01,"Accommodation and food service activities (I)",168900,395.29
2022-01-01,"Information and communication (J)",107300,1427.38
2022-01-01,"Financial and insurance activities (K)",104200,1319.2
2022-01-01,"Real estate activities (L)",15800,787.57
2022-01-01,"Professional, scientific and technical activities (M)",120800,1086.8
2022-01-01,"Administrative and support service activities (N)",101400,715.54
2022-01-01,"Public administration and defence; compulsory social security (O)",167000,999.19
2022-01-01,"Education (P)",198100,929.03
2022-01-01,"Human health and social work activities (Q)",286500,809.19
2022-01-01,"Arts, entertainment and recreation (R)",24500,660.61
2022-01-01,"Other service activities (S)",22700,562.36
2022-01-01,"Industry (B to E)",259300,981.27
2022-01-01,"Electricity, water supply and waste management (D,E)",18900,1137.18
2022-01-01,"Financial, insurance and real estate activities (K,L)",120100,1254.31
2022-01-01,"Arts, entertainment, recreation and other service activities (R,S)",47200,619.26
2022-04-01,"Mining and quarrying (B)",3800,1140.07
2022-04-01,"Manufacturing (C)",238500,985.71
2022-04-01,"Construction (F)",129900,925.19
2022-04-01,"Wholesale and retail trade; repair of motor vehicles and motorcycles (G)",326600,662.21
2022-04-01,"Transportation and storage (H)",86500,851.21
2022-04-01,"Accommodation and food service activities (I)",171900,405.65
2022-04-01,"Information and communication (J)",107700,1474.11
2022-04-01,"Financial and insurance activities (K)",102800,1315.73
2022-04-01,"Real estate activities (L)",12200,819.43
2022-04-01,"Professional, scientific and technical activities (M)",121100,1073.91
2022-04-01,"Administrative and support service activities (N)",103400,695.53
2022-04-01,"Public administration and defence; compulsory social security (O)",157400,1006.88
2022-04-01,"Education (P)",202700,930.56
2022-04-01,"Human health and social work activities (Q)",293800,818.89
2022-04-01,"Arts, entertainment and recreation (R)",26000,633.29
2022-04-01,"Other service activities (S)",23500,556.44
2022-04-01,"Industry (B to E)",262600,1003.14
2022-04-01,"Electricity, water supply and waste management (D,E)",20300,1176.03
2022-04-01,"Financial, insurance and real estate activities (K,L)",115000,1257.31
2022-04-01,"Arts, entertainment, recreation and other service activities (R,S)",49500,593.52
2022-07-01,"Mining and quarrying (B)",6300,1169.52
2022-07-01,"Manufacturing (C)",244100,987.37
2022-07-01,"Construction (F)",135300,919.57
2022-07-01,"Wholesale and retail trade; repair of motor vehicles and motorcycles (G)",322000,652.71
2022-07-01,"Transportation and storage (H)",86500,864.03
2022-07-01,"Accommodation and food service activities (I)",174900,419.22
2022-07-01,"Information and communication (J)",104600,1530.75
2022-07-01,"Financial and insurance activities (K)",99900,1350.41
2022-07-01,"Real estate activities (L)",11500,836.52
2022-07-01,"Professional, scientific and technical activities (M)",119900,1061.11
2022-07-01,"Administrative and support service activities (N)",107100,699.73
2022-07-01,"Public administration and defence; compulsory social security (O)",164200,1027.19
2022-07-01,"Education (P)",193800,937.11
2022-07-01,"Human health and social work activities (Q)",295400,832.09
2022-07-01,"Arts, entertainment and recreation (R)",26900,606.62
2022-07-01,"Other service activities (S)",24900,533.04
2022-07-01,"Industry (B to E)",271200,1008.46
2022-07-01,"Electricity, water supply and waste management (D,E)",20800,1203.92
2022-07-01,"Financial, insurance and real estate activities (K,L)",111400,1289.6
2022-07-01,"Arts, entertainment, recreation and other service activities (R,S)",51800,570.85
2022-10-01,"Mining and quarrying (B)",7500,1179.81
2022-10-01,"Manufacturing (C)",236800,998.22
2022-10-01,"Construction (F)",129000,917.14
2022-10-01,"Wholesale and retail trade; repair of motor vehicles and motorcycles (G)",326300,643.78
2022-10-01,"Transportation and storage (H)",93600,859.73
2022-10-01,"Accommodation and food service activities (I)",175700,412.39
2022-10-01,"Information and communication (J)",106700,1544.83
2022-10-01,"Financial and insurance activities (K)",103600,1377.3
2022-10-01,"Real estate activities (L)",14400,778.32
2022-10-01,"Professional, scientific and technical activities (M)",122700,1077.7
2022-10-01,"Administrative and support service activities (N)",108000,700.18
2022-10-01,"Public administration and defence; compulsory social security (O)",170900,1116.89
2022-10-01,"Education (P)",192900,993.08
2022-10-01,"Human health and social work activities (Q)",293300,857.1
2022-10-01,"Arts, entertainment and recreation (R)",27300,629.22
2022-10-01,"Other service activities (S)",25000,538.07
2022-10-01,"Industry (B to E)",264800,1022.12
2022-10-01,"Electricity, water supply and waste management (D,E)",20500,1239.66
2022-10-01,"Financial, insurance and real estate activities (K,L)",118100,1310.14
2022-10-01,"Arts, entertainment, recreation and other service activities (R,S)",52200,584.81
2023-01-01,"Mining and quarrying (B)",6100,1294.32
2023-01-01,"Manufacturing (C)",243800,1022.85
2023-01-01,"Construction (F)",127000,907.03
2023-01-01,"Wholesale and retail trade; repair of motor vehicles and motorcycles (G)",342300,668.07
2023-01-01,"Transportation and storage (H)",87700,866.76
2023-01-01,"Accommodation and food service activities (I)",175600,426.26
2023-01-01,"Information and communication (J)",108800,1557.15
2023-01-01,"Financial and insurance activities (K)",105600,1390.06
2023-01-01,"Real estate activities (L)",11700,782.05
2023-01-01,"Professional, scientific and technical activities (M)",123800,1080.69
2023-01-01,"Administrative and support service activities (N)",110700,712.51
2023-01-01,"Public administration and defence; compulsory social security (O)",172100,1088.34
2023-01-01,"Education (P)",197400,974.37
2023-01-01,"Human health and social work activities (Q)",300300,856.46
2023-01-01,"Arts, entertainment and recreation (R)",29200,611.31
2023-01-01,"Other service activities (S)",23000,553.93
2023-01-01,"Industry (B to E)",269600,1045.39
2023-01-01,"Electricity, water supply and waste management (D,E)",19700,1247.66
2023-01-01,"Financial, insurance and real estate activities (K,L)",117300,1325.8
2023-01-01,"Arts, entertainment, recreation and other service activities (R,S)",52100,593.15
2023-04-01,"Mining and quarrying (B)",5800,1243.93
2023-04-01,"Manufacturing (C)",230100,1033.02
2023-04-01,"Construction (F)",140600,902.97
2023-04-01,"Wholesale and retail trade; repair of motor vehicles and motorcycles (G)",342500,670.3
2023-04-01,"Transportation and storage (H)",91300,869.08
2023-04-01,"Accommodation and food service activities (I)",185400,429.17
2023-04-01,"Information and communication (J)",112300,1580.68
2023-04-01,"Financial and insurance activities (K)",109800,1398.39
2023-04-01,"Real estate activities (L)",9500,802.14
2023-04-01,"Professional, scientific and technical activities (M)",130600,1114.51
2023-04-01,"Administrative and support service activities (N)",107100,717.85
2023-04-01,"Public administration and defence; compulsory social security (O)",175600,1098.04
2023-04-01,"Education (P)",202900,966.13
2023-04-01,"Human health and social work activities (Q)",306900,867.22
2023-04-01,"Arts, entertainment and recreation (R)",28300,635.19
2023-04-01,"Other service activities (S)",25300,591.97
2023-04-01,"Industry (B to E)",255600,1054.66
2023-04-01,"Electricity, water supply and waste management (D,E)",19700,1261.32
2023-04-01,"Financial, insurance and real estate activities (K,L)",119200,1345.38
2023-04-01,"Arts, entertainment, recreation and other service activities (R,S)",53500,609.85
2023-07-01,"Mining and quarrying (B)",4800,1243.62
2023-07-01,"Manufacturing (C)",237300,1047.04
2023-07-01,"Construction (F)",135000,930.37
2023-07-01,"Wholesale and retail trade; repair of motor vehicles and motorcycles (G)",326400,684.02
2023-07-01,"Transportation and storage (H)",90500,858.6
2023-07-01,"Accommodation and food service activities (I)",191300,427.83
2023-07-01,"Information and communication (J)",113400,1566.93
2023-07-01,"Financial and insurance activities (K)",104500,1411.54
2023-07-01,"Real estate activities (L)",10700,826.45
2023-07-01,"Professional, scientific and technical activities (M)",134900,1136.7
2023-07-01,"Administrative and support service activities (N)",106200,717.32
2023-07-01,"Public administration and defence; compulsory social security (O)",165800,1096.49
2023-07-01,"Education (P)",204400,970.62
2023-07-01,"Human health and social work activities (Q)",309200,881.89
2023-07-01,"Arts, entertainment and recreation (R)",28600,670.78
2023-07-01,"Other service activities (S)",26200,593.44
2023-07-01,"Industry (B to E)",263200,1067.56
2023-07-01,"Electricity, water supply and waste management (D,E)",21200,1272.4
2023-07-01,"Financial, insurance and real estate activities (K,L)",115200,1357.84
2023-07-01,"Arts, entertainment, recreation and other service activities (R,S)",54800,634.44
2023-10-01,"Mining and quarrying (B)",3700,1176.87
2023-10-01,"Manufacturing (C)",234300,1044.98
2023-10-01,"Construction (F)",125400,926
2023-10-01,"Wholesale and retail trade; repair of motor vehicles and motorcycles (G)",348500,673.49
2023-10-01,"Transportation and storage (H)",89800,882.96
2023-10-01,"Accommodation and food service activities (I)",190300,441.54
2023-10-01,"Information and communication (J)",105400,1612.73
2023-10-01,"Financial and insurance activities (K)",103600,1437.21
2023-10-01,"Real estate activities (L)",11700,803.43
2023-10-01,"Professional, scientific and technical activities (M)",139600,1130.04
2023-10-01,"Administrative and support service activities (N)",103500,752.85
2023-10-01,"Public administration and defence; compulsory social security (O)",173100,1106.84
2023-10-01,"Education (P)",214300,982.43
2023-10-01,"Human health and social work activities (Q)",312100,883.38
2023-10-01,"Arts, entertainment and recreation (R)",31100,653.46
2023-10-01,"Other service activities (S)",25900,628.7
2023-10-01,"Industry (B to E)",259400,1068.85
2023-10-01,"Electricity, water supply and waste management (D,E)",21400,1313.76
2023-10-01,"Financial, insurance and real estate activities (K,L)",115300,1374.69
2023-10-01,"Arts, entertainment, recreation and other service activities (R,S)",57000,640.19
2024-01-01,"Mining and quarrying (B)",4800,1082.31
2024-01-01,"Manufacturing (C)",234600,1076.89
2024-01-01,"Construction (F)",132900,988.14
2024-01-01,"Wholesale and retail trade; repair of motor vehicles and motorcycles (G)",336500,700.62
2024-01-01,"Transportation and storage (H)",88400,880.52
2024-01-01,"Accommodation and food service activities (I)",182300,441.75
2024-01-01,"Information and communication (J)",109100,1662.5
2024-01-01,"Financial and insurance activities (K)",103900,1463.96
2024-01-01,"Real estate activities (L)",12700,759.23
2024-01-01,"Professional, scientific and technical activities (M)",148300,1148.14
2024-01-01,"Administrative and support service activities (N)",106300,747.61
2024-01-01,"Public administration and defence; compulsory social security (O)",175000,1132.49
2024-01-01,"Education (P)",210600,998.69
2024-01-01,"Human health and social work activities (Q)",306200,898.04
2024-01-01,"Arts, entertainment and recreation (R)",31600,650.03
2024-01-01,"Other service activities (S)",26500,609.41
2024-01-01,"Industry (B to E)",261900,1101.13
2024-01-01,"Electricity, water supply and waste management (D,E)",22500,1377.48
2024-01-01,"Financial, insurance and real estate activities (K,L)",116700,1389.55
2024-01-01,"Arts, entertainment, recreation and other service activities (R,S)",58000,638.32
2024-04-01,"Mining and quarrying (B)",5600,1043.54
2024-04-01,"Manufacturing (C)",247100,1079.34
2024-04-01,"Construction (F)",132000,1006.62
2024-04-01,"Wholesale and retail trade; repair of motor vehicles and motorcycles (G)",321900,712.4
2024-04-01,"Transportation and storage (H)",99100,899.37
2024-04-01,"Accommodation and food service activities (I)",190000,442.84
2024-04-01,"Information and communication (J)",118000,1675.58
2024-04-01,"Financial and insurance activities (K)",101500,1482.58
2024-04-01,"Real estate activities (L)",12200,769.04
2024-04-01,"Professional, scientific and technical activities (M)",147100,1151.06
2024-04-01,"Administrative and support service activities (N)",105400,763.09
2024-04-01,"Public administration and defence; compulsory social security (O)",183700,1153.9
2024-04-01,"Education (P)",212800,1024.11
2024-04-01,"Human health and social work activities (Q)",323600,910.81
2024-04-01,"Arts, entertainment and recreation (R)",27200,662.28
2024-04-01,"Other service activities (S)",24800,602.2
2024-04-01,"Industry (B to E)",277700,1102.36
2024-04-01,"Electricity, water supply and waste management (D,E)",25000,1329.86
2024-04-01,"Financial, insurance and real estate activities (K,L)",113600,1397.2
2024-04-01,"Arts, entertainment, recreation and other service activities (R,S)",52000,628.19
2024-07-01,"Mining and quarrying (B)",6200,1050.72
2024-07-01,"Manufacturing (C)",243600,1091.23
2024-07-01,"Construction (F)",140000,986.17
2024-07-01,"Wholesale and retail trade; repair of motor vehicles and motorcycles (G)",333700,709.54
2024-07-01,"Transportation and storage (H)",95200,923.95
2024-07-01,"Accommodation and food service activities (I)",207500,444.79
2024-07-01,"Information and communication (J)",117300,1705.81
2024-07-01,"Financial and insurance activities (K)",103400,1489.04
2024-07-01,"Real estate activities (L)",16000,856.44
2024-07-01,"Professional, scientific and technical activities (M)",148500,1153.84
2024-07-01,"Administrative and support service activities (N)",96200,771.5
2024-07-01,"Public administration and defence; compulsory social security (O)",186100,1149.56
2024-07-01,"Education (P)",208900,1044.13
2024-07-01,"Human health and social work activities (Q)",323700,929.66
2024-07-01,"Arts, entertainment and recreation (R)",33500,666.43
2024-07-01,"Other service activities (S)",22900,675.46
2024-07-01,"Industry (B to E)",276000,1117.75
2024-07-01,"Electricity, water supply and waste management (D,E)",26300,1382.85
2024-07-01,"Financial, insurance and real estate activities (K,L)",119400,1406.17
2024-07-01,"Arts, entertainment, recreation and other service activities (R,S)",56400,671.17
